{"repoRestrictionCode":"","repoList":[{"repoPath":"docker/v2/va-125-x64_redhat_linux_7-docker"},{"repoPath":"repos/shipped/depentviya/136/depentviya-136-x64_redhat_linux_6-yum"},{"repoPath":"repos/shipped/depentviya/136/depentviya-136-x64_suse_linux_12-yum"},{"repoPath":"repos/shipped/espcasvcf/135/espcasvcf-135-x64_redhat_linux_6-yum"},{"repoPath":"repos/shipped/espcasvcf/135/espcasvcf-135-x64_suse_linux_12-yum"},{"repoPath":"repos/shipped/mlrning/125/mlrning-125-x64_redhat_linux_6-yum"},{"repoPath":"repos/shipped/mlrning/125/mlrning-125-x64_suse_linux_12-yum"},{"repoPath":"repos/shipped/modelmgr/125/modelmgr-125-x64_redhat_linux_6-yum"},{"repoPath":"repos/shipped/modelmgr/125/modelmgr-125-x64_suse_linux_12-yum"},{"repoPath":"repos/shipped/oracle/125/oracle-125-x64_redhat_linux_6-yum"},{"repoPath":"repos/shipped/oracle/125/oracle-125-x64_suse_linux_12-yum"},{"repoPath":"repos/shipped/statviya/125/statviya-125-x64_redhat_linux_6-yum"},{"repoPath":"repos/shipped/statviya/125/statviya-125-x64_suse_linux_12-yum"},{"repoPath":"repos/shipped/txtminzho/125/txtminzho-125-x64_redhat_linux_6-yum"},{"repoPath":"repos/shipped/txtminzho/125/txtminzho-125-x64_suse_linux_12-yum"},{"repoPath":"repos/shipped/va/125/va-125-x64_redhat_linux_6-yum"},{"repoPath":"repos/shipped/va/125/va-125-x64_suse_linux_12-yum"},{"repoPath":"repos/shipped/vcmnfnd/126/vcmnfnd-126-x64_redhat_linux_6-yum"},{"repoPath":"repos/shipped/vcmnfnd/126/vcmnfnd-126-x64_suse_linux_12-yum"},{"repoPath":"sasmd/shipped/depentviya/136/depentviya-136-x64_redhat_linux_6-yumsasmd"},{"repoPath":"sasmd/shipped/depentviya/136/depentviya-136-x64_suse_linux_12-yumsasmd"},{"repoPath":"sasmd/shipped/espcasvcf/135/espcasvcf-135-x64_redhat_linux_6-yumsasmd"},{"repoPath":"sasmd/shipped/espcasvcf/135/espcasvcf-135-x64_suse_linux_12-yumsasmd"},{"repoPath":"sasmd/shipped/mlrning/125/mlrning-125-x64_redhat_linux_6-yumsasmd"},{"repoPath":"sasmd/shipped/mlrning/125/mlrning-125-x64_suse_linux_12-yumsasmd"},{"repoPath":"sasmd/shipped/modelmgr/125/modelmgr-125-x64_redhat_linux_6-yumsasmd"},{"repoPath":"sasmd/shipped/modelmgr/125/modelmgr-125-x64_suse_linux_12-yumsasmd"},{"repoPath":"sasmd/shipped/oracle/125/oracle-125-x64_redhat_linux_6-yumsasmd"},{"repoPath":"sasmd/shipped/oracle/125/oracle-125-x64_suse_linux_12-yumsasmd"},{"repoPath":"sasmd/shipped/statviya/125/statviya-125-x64_redhat_linux_6-yumsasmd"},{"repoPath":"sasmd/shipped/statviya/125/statviya-125-x64_suse_linux_12-yumsasmd"},{"repoPath":"sasmd/shipped/txtminzho/125/txtminzho-125-x64_redhat_linux_6-yumsasmd"},{"repoPath":"sasmd/shipped/txtminzho/125/txtminzho-125-x64_suse_linux_12-yumsasmd"},{"repoPath":"sasmd/shipped/va/125/va-125-x64_redhat_linux_6-yumsasmd"},{"repoPath":"sasmd/shipped/va/125/va-125-x64_redhat_linux_7-dockersasmd"},{"repoPath":"sasmd/shipped/va/125/va-125-x64_suse_linux_12-yumsasmd"},{"repoPath":"sasmd/shipped/vcmnfnd/126/vcmnfnd-126-x64_redhat_linux_6-yumsasmd"},{"repoPath":"sasmd/shipped/vcmnfnd/126/vcmnfnd-126-x64_suse_linux_12-yumsasmd"}]}
