<?xml version="1.0" encoding="UTF-8" standalone="yes"?>
<project mode="uninstall">
    <target name="preinstall"/>
    <target name="install">
        <extract filename="renewutility.xml" home="${ProductHome}" source="."/>
        <extract filename="renewutility_gen.xml" home="${ProductHome}" source="gen"/>
        <extract filename="wx6_native.xml" home="${ProductHome}" source="wx6/native"/>
    </target>
    <target name="postinstall">
        <editDeploymentRegistry action="removeInstall">
            <product>${12ByteCode}</product>
            <version>9.465</version>
            <host>${host}</host>
        </editDeploymentRegistry>
        <removeUninstallData version="9.465"/>
        <editDeploymentRegistry action="removeInstall">
            <product>${12ByteCode}</product>
            <version>9.450</version>
            <host>${host}</host>
        </editDeploymentRegistry>
        <removeUninstallData version="9.450"/>
        <editDeploymentRegistry action="removeInstall">
            <product>${12ByteCode}</product>
            <version>9.410</version>
            <host>${host}</host>
        </editDeploymentRegistry>
        <removeUninstallData version="9.410"/>
        <editDeploymentRegistry action="removeInstall">
            <product>${12ByteCode}</product>
            <version>9.4</version>
            <host>${host}</host>
        </editDeploymentRegistry>
        <removeUninstallData version="9.4"/>
    </target>
</project>
