<?xml version="1.0" encoding="utf-8"?>
  <prodPkg alt_sku="renewutility__94330__wx6__en__sp0__1" software_code="renewutility" sequence_num="100010" lang="en" ver="94.330" doc="false"
  platform="WX6" sas_release="9.4" maint_level="0" status_code="prod" alt_sku_type="full" release_order="99.99" last_port_date="24JUN2015" empty_sku="false" indb="false">
    <custVer loc="en" v="9.49508"/>
    <prodVer loc="en" v="9.49508"/>
    <prodName loc="en" v="SAS Renewal Utility"/>
    <prodBranch v="d4deploy48"/>
    <reach v="customer"/>
    <prodDefn sku="renewutility:99.99:39342e333330:wx6:1:prod:none" plat="wx6">
       <selectable v="false"/>
       <use_srw v="false"/>
       <use_jre v="false"/>
       <use_launcher v="false"/>
       <is_config v="false"/>
       <is_foundation v="false"/>
       <install type="interactive">
         <cmd v="install.xml"/>
         <args v=""/>
       </install>
       <install type="silent">
         <cmd v="install.xml"/>
         <args v=""/>
       </install>
    </prodDefn>
  </prodPkg>
