<?xml version="1.0" encoding="UTF-8" standalone="yes"?>
<ns2:zip xmlns:ns2="http://www.sas.com/installs/it/metadata">
    <contents>
        <entry name="SASRenew-ja.ini" tkpatch="false" patch="false" patchval="" type="file" uninstall="true" reboot="false" equate="na" compareby="NONE" backup="true" altDests="" new="true"/>
        <entry name="SASRenew-nl.ini" tkpatch="false" patch="false" patchval="" type="file" uninstall="true" reboot="false" equate="na" compareby="NONE" backup="true" altDests="" new="true"/>
        <entry name="SASRenew-es.ini" tkpatch="false" patch="false" patchval="" type="file" uninstall="true" reboot="false" equate="na" compareby="NONE" backup="true" altDests="" new="true"/>
        <entry name="SASRenew.exe" tkpatch="false" patch="false" patchval="" type="file" uninstall="true" reboot="false" equate="na" compareby="NONE" backup="true" altDests="" new="true"/>
        <entry name="SASRenew-sv.ini" tkpatch="false" patch="false" patchval="" type="file" uninstall="true" reboot="false" equate="na" compareby="NONE" backup="true" altDests="" new="true"/>
        <entry name="SASRenew-hu.ini" tkpatch="false" patch="false" patchval="" type="file" uninstall="true" reboot="false" equate="na" compareby="NONE" backup="true" altDests="" new="true"/>
        <entry name="SASRenew-de.ini" tkpatch="false" patch="false" patchval="" type="file" uninstall="true" reboot="false" equate="na" compareby="NONE" backup="true" altDests="" new="true"/>
        <entry name="SASRenew-it.ini" tkpatch="false" patch="false" patchval="" type="file" uninstall="true" reboot="false" equate="na" compareby="NONE" backup="true" altDests="" new="true"/>
        <entry name="SASRenew-pl.ini" tkpatch="false" patch="false" patchval="" type="file" uninstall="true" reboot="false" equate="na" compareby="NONE" backup="true" altDests="" new="true"/>
        <entry name="SASRenew-cs.ini" tkpatch="false" patch="false" patchval="" type="file" uninstall="true" reboot="false" equate="na" compareby="NONE" backup="true" altDests="" new="true"/>
        <entry name="SASRenew-zh.ini" tkpatch="false" patch="false" patchval="" type="file" uninstall="true" reboot="false" equate="na" compareby="NONE" backup="true" altDests="" new="true"/>
        <entry name="SASRenew-da.ini" tkpatch="false" patch="false" patchval="" type="file" uninstall="true" reboot="false" equate="na" compareby="NONE" backup="true" altDests="" new="true"/>
        <entry name="SASRenew-ko.ini" tkpatch="false" patch="false" patchval="" type="file" uninstall="true" reboot="false" equate="na" compareby="NONE" backup="true" altDests="" new="true"/>
        <entry name="SASRenew-en.ini" tkpatch="false" patch="false" patchval="" type="file" uninstall="true" reboot="false" equate="na" compareby="NONE" backup="true" altDests="" new="true"/>
        <entry name="clib.dll" tkpatch="false" patch="false" patchval="" type="file" uninstall="true" reboot="false" equate="na" compareby="NONE" backup="true" altDests="" new="true"/>
        <entry name="SASRenew-ru.ini" tkpatch="false" patch="false" patchval="" type="file" uninstall="true" reboot="false" equate="na" compareby="NONE" backup="true" altDests="" new="true"/>
        <entry name="SASRenew-fr.ini" tkpatch="false" patch="false" patchval="" type="file" uninstall="true" reboot="false" equate="na" compareby="NONE" backup="true" altDests="" new="true"/>
    </contents>
</ns2:zip>
